Date,Open,High,Low,Close,Volume
12/04/2023,189.98,190.05,187.45,189.43,"43,389,520"
12/01/2023,190.33,191.56,189.23,191.24,"45,704,820"
11/30/2023,189.84,190.32,188.19,189.95,"48,794,367"
11/29/2023,190.9,192.09,188.97,189.37,"43,014,219"
11/28/2023,189.78,191.08,189.4,190.4,"38,415,422"
11/27/2023,189.92,190.67,188.9,189.79,"40,552,609"
11/24/2023,190.87,190.9,189.25,189.97,"24,048,340"
11/22/2023,191.49,192.93,190.83,191.31,"39,630,008"
11/21/2023,191.41,191.52,189.74,190.64,"38,134,488"
11/20/2023,189.89,191.91,189.88,191.45,"46,538,609"
11/17/2023,190.25,190.38,188.57,189.69,"50,941,398"
11/16/2023,189.57,190.96,188.65,189.71,"54,412,922"
11/15/2023,187.85,189.5,187.78,188.01,"53,790,500"
11/14/2023,187.7,188.11,186.3,187.44,"60,108,379"
11/13/2023,185.82,186.03,184.21,184.8,"43,627,520"
11/10/2023,183.97,186.57,183.53,186.4,"66,177,922"
11/09/2023,182.96,184.12,181.81,182.41,"53,763,539"
11/08/2023,182.35,183.45,181.59,182.89,"49,340,281"
11/07/2023,179.18,182.44,178.97,181.82,"70,529,969"
11/06/2023,176.38,179.43,176.21,179.23,"63,841,312"
11/03/2023,174.24,176.82,173.35,176.65,"79,829,250"
11/02/2023,175.52,177.78,175.46,177.57,"77,334,750"
11/01/2023,171,174.23,170.12,173.97,"56,934,910"
10/31/2023,169.35,170.9,167.9,170.77,"44,846,020"
10/30/2023,169.02,171.17,168.87,170.29,"51,130,961"
10/27/2023,166.91,168.96,166.83,168.22,"58,499,129"
10/26/2023,170.37,171.38,165.67,166.89,"70,625,266"
10/25/2023,171.88,173.06,170.65,171.1,"57,156,961"
10/24/2023,173.05,173.67,171.45,173.44,"43,816,641"
10/23/2023,170.91,174.01,169.93,173,"55,980,113"
10/20/2023,175.31,175.42,172.64,172.88,"64,244,031"
10/19/2023,176.04,177.84,175.19,175.46,"59,302,859"
10/18/2023,175.58,177.58,175.11,175.84,"54,764,379"
10/17/2023,176.65,178.42,174.8,177.15,"57,549,352"
10/16/2023,176.75,179.08,176.51,178.72,"52,516,980"
10/13/2023,181.42,181.93,178.14,178.85,"51,456,078"
10/12/2023,180.07,182.34,179.04,180.71,"56,743,121"
10/11/2023,178.2,179.85,177.6,179.8,"47,551,102"
10/10/2023,178.1,179.72,177.95,178.39,"43,698,020"
10/09/2023,176.81,179.05,175.8,178.99,"42,390,770"
10/06/2023,173.8,177.99,173.18,177.49,"57,266,680"
10/05/2023,173.79,175.45,172.68,174.91,"48,527,922"
10/04/2023,171.09,174.21,170.97,173.66,"53,020,289"
10/03/2023,172.26,173.63,170.82,172.4,"49,594,609"
10/02/2023,171.22,174.3,170.93,173.75,"52,164,539"
09/29/2023,172.02,173.07,170.34,171.21,"51,861,078"
09/28/2023,169.34,172.03,167.62,170.69,"56,294,422"
09/27/2023,172.62,173.04,169.05,170.43,"66,921,805"
09/26/2023,174.82,175.2,171.66,171.96,"64,588,953"
09/25/2023,174.2,176.97,174.15,176.08,"46,172,738"
09/22/2023,174.67,177.08,174.05,174.79,"56,725,391"
09/21/2023,174.55,176.3,173.86,173.93,"63,149,121"
09/20/2023,179.26,179.7,175.4,175.49,"58,436,180"
09/19/2023,177.52,179.63,177.13,179.07,"51,826,941"
09/18/2023,176.48,179.38,176.17,177.97,"67,257,570"
09/15/2023,176.48,176.5,173.82,175.01,"109,259,508"
09/14/2023,174,176.1,173.58,175.74,"60,895,762"
09/13/2023,176.51,177.3,173.98,174.21,"84,267,930"
09/12/2023,179.49,180.13,174.82,176.3,"90,370,195"
09/11/2023,180.07,180.3,177.34,179.36,"58,953,047"
09/08/2023,178.35,180.24,177.79,178.18,"65,602,070"
09/07/2023,175.18,178.21,173.54,177.56,"112,488,797"
09/06/2023,188.4,188.85,181.47,182.91,"81,755,820"
09/05/2023,188.28,189.98,187.61,189.7,"45,280,031"
09/01/2023,189.49,189.92,188.28,189.46,"45,766,500"
08/31/2023,187.84,189.12,187.48,187.87,"60,794,473"
08/30/2023,184.94,187.85,184.74,187.65,"60,813,887"
08/29/2023,179.7,184.9,179.5,184.12,"53,003,953"
08/28/2023,180.09,180.59,178.55,180.19,"43,820,699"
08/25/2023,177.38,179.15,175.82,178.61,"51,449,594"
08/24/2023,180.67,181.1,176.01,176.38,"54,945,801"
08/23/2023,178.52,181.55,178.33,181.12,"52,722,754"
08/22/2023,177.06,177.68,176.25,177.23,"42,084,246"
08/21/2023,175.07,176.13,173.74,175.84,"46,311,879"
08/18/2023,172.3,175.1,171.96,174.49,"61,172,152"
08/17/2023,177.14,177.51,173.48,174,"66,062,883"
08/16/2023,177.13,178.54,176.5,176.57,"46,964,859"
08/15/2023,178.88,179.48,177.05,177.45,"43,622,594"
08/14/2023,177.97,179.69,177.31,179.46,"43,675,633"
08/11/2023,177.32,178.62,176.55,177.79,"52,036,672"
08/10/2023,179.48,180.75,177.6,177.97,"54,686,848"
08/09/2023,180.87,180.93,177.01,178.19,"60,378,488"
08/08/2023,179.69,180.27,177.58,179.8,"67,823,000"
08/07/2023,182.13,183.13,177.35,178.85,"97,576,070"
08/04/2023,185.52,187.38,181.92,181.99,"115,956,797"
08/03/2023,191.57,192.37,190.69,191.17,"62,243,281"
08/02/2023,195.04,195.18,191.85,192.58,"50,389,328"
08/01/2023,196.24,196.73,195.28,195.61,"35,281,434"
07/31/2023,196.06,196.49,195.26,196.45,"38,824,113"
07/28/2023,194.67,196.63,194.14,195.83,"48,291,441"
07/27/2023,196.02,197.2,192.55,193.22,"47,460,180"
07/26/2023,193.67,195.64,193.32,194.5,"47,471,871"
07/25/2023,193.33,194.44,192.92,193.62,"37,283,199"
07/24/2023,193.41,194.91,192.25,192.75,"45,505,102"
07/21/2023,194.1,194.97,191.23,191.94,"71,951,680"
07/20/2023,195.09,196.47,192.5,193.13,"59,581,199"
07/19/2023,193.1,198.23,192.65,195.1,"80,507,320"
07/18/2023,193.35,194.33,192.42,193.73,"48,353,770"
07/17/2023,191.9,194.32,191.81,193.99,"50,520,160"
07/14/2023,190.23,191.18,189.63,190.69,"41,616,238"
07/13/2023,190.5,191.19,189.78,190.54,"41,342,340"
07/12/2023,189.68,191.7,188.47,189.77,"60,750,246"
07/11/2023,189.16,189.3,186.6,188.08,"46,638,121"
07/10/2023,189.26,189.99,187.04,188.61,"59,922,160"
07/07/2023,191.41,192.67,190.24,190.68,"46,815,000"
07/06/2023,189.84,192.02,189.2,191.81,"45,156,008"
07/05/2023,191.57,192.98,190.62,191.33,"46,920,262"
07/03/2023,193.78,193.88,191.76,192.46,"31,346,600"
06/30/2023,191.63,194.48,191.26,193.97,"85,213,219"
06/29/2023,189.08,190.07,188.94,189.59,"46,347,312"
06/28/2023,187.93,189.9,187.6,189.25,"51,216,801"
06/27/2023,185.89,188.39,185.67,188.06,"50,730,848"
06/26/2023,186.83,188.05,185.23,185.27,"48,088,660"
06/23/2023,185.55,187.56,185.01,186.68,"53,117,000"
06/22/2023,183.74,187.05,183.67,187,"51,245,328"
06/21/2023,184.9,185.41,182.59,183.96,"49,515,699"
06/20/2023,184.41,186.1,184.41,185.01,"49,799,090"
06/16/2023,186.73,186.99,184.27,184.92,"101,256,203"
06/15/2023,183.96,186.52,183.78,186.01,"65,433,168"
06/14/2023,183.37,184.39,182.02,183.95,"57,462,879"
06/13/2023,182.8,184.15,182.44,183.31,"54,929,129"
06/12/2023,181.27,183.89,180.97,183.79,"54,755,000"
06/09/2023,181.5,182.23,180.63,180.96,"48,899,969"
06/08/2023,177.9,180.84,177.46,180.57,"50,214,879"
06/07/2023,178.44,181.21,177.32,177.82,"61,944,621"
06/06/2023,179.97,180.12,177.43,179.21,"64,848,367"
06/05/2023,182.63,184.95,178.04,179.58,"121,946,492"
06/02/2023,181.03,181.78,179.26,180.95,"61,996,910"
06/01/2023,177.7,180.12,176.93,180.09,"68,901,805"
05/31/2023,177.33,179.35,176.76,177.25,"99,625,289"
05/30/2023,176.96,178.99,176.57,177.3,"55,964,398"
05/26/2023,173.32,175.77,173.11,175.43,"54,834,980"
05/25/2023,172.41,173.9,171.69,172.99,"56,058,262"
05/24/2023,171.09,172.42,170.52,171.84,"45,143,488"
05/23/2023,173.13,173.38,171.28,171.56,"50,747,262"
05/22/2023,173.98,174.71,173.45,174.2,"43,570,930"
05/19/2023,176.39,176.39,174.94,175.16,"55,809,480"
05/18/2023,173,175.24,172.58,175.05,"65,496,660"
05/17/2023,171.71,172.93,170.42,172.69,"57,951,602"
05/16/2023,171.99,173.14,171.8,172.07,"42,110,289"
05/15/2023,173.16,173.21,171.47,172.07,"37,266,660"
05/12/2023,173.62,174.06,171,172.57,"45,533,141"
05/11/2023,173.85,174.59,172.17,173.75,"49,514,680"
05/10/2023,173.02,174.03,171.9,173.56,"53,724,500"
05/09/2023,173.05,173.54,171.6,171.77,"45,326,871"
05/08/2023,172.48,173.85,172.11,173.5,"55,962,793"
05/05/2023,170.98,174.3,170.76,173.57,"113,453,203"
05/04/2023,164.89,167.04,164.31,165.79,"81,235,430"
05/03/2023,169.5,170.92,167.16,167.45,"65,136,020"
05/02/2023,170.09,170.35,167.54,168.54,"48,425,699"
05/01/2023,169.28,170.45,168.64,169.59,"52,472,941"
04/28/2023,168.49,169.85,167.88,169.68,"55,275,848"
04/27/2023,165.19,168.56,165.19,168.41,"64,902,328"
04/26/2023,163.06,165.28,162.8,163.76,"45,498,801"
04/25/2023,165.19,166.31,163.73,163.77,"48,714,059"
04/24/2023,165,165.6,163.89,165.33,"41,949,578"
04/21/2023,165.05,166.45,164.49,165.02,"58,337,340"
04/20/2023,166.09,167.87,165.56,166.65,"52,456,379"
04/19/2023,165.8,168.16,165.54,167.63,"47,720,168"
04/18/2023,166.1,167.41,165.65,166.47,"49,923,008"
04/17/2023,165.09,165.39,164.03,165.23,"41,516,219"
04/14/2023,164.59,166.32,163.82,165.21,"49,386,480"
04/13/2023,161.63,165.8,161.42,165.56,"68,445,648"
04/12/2023,161.22,162.06,159.78,160.1,"50,133,059"
04/11/2023,162.35,162.36,160.51,160.8,"47,644,219"
04/10/2023,161.42,162.03,160.08,162.03,"47,716,879"
04/06/2023,162.43,164.96,162,164.66,"45,390,121"
04/05/2023,164.74,165.05,161.8,163.76,"51,511,738"
04/04/2023,166.6,166.84,165.11,165.63,"46,278,301"
04/03/2023,164.27,166.29,164.22,166.17,"56,976,191"
03/31/2023,162.44,165,161.91,164.9,"68,749,789"
03/30/2023,161.53,162.47,161.27,162.36,"49,501,688"
03/29/2023,159.37,161.05,159.35,160.77,"51,305,688"
03/28/2023,157.97,158.49,155.98,157.65,"45,992,152"
03/27/2023,159.94,160.77,157.87,158.28,"52,390,273"
03/24/2023,158.86,160.34,157.85,160.25,"59,256,340"
03/23/2023,158.83,161.55,157.68,158.93,"67,622,062"
03/22/2023,159.3,162.14,157.81,157.83,"75,701,805"
03/21/2023,157.32,159.4,156.54,159.28,"73,938,289"
03/20/2023,155.07,157.82,154.15,157.4,"73,641,422"
03/17/2023,156.08,156.74,154.28,155,"98,944,633"
03/16/2023,152.16,156.46,151.64,155.85,"76,254,414"
03/15/2023,151.19,153.25,149.92,152.99,"77,167,875"
03/14/2023,151.28,153.4,150.1,152.59,"73,695,891"
03/13/2023,147.81,153.14,147.7,150.47,"84,457,117"
03/10/2023,150.21,150.94,147.61,148.5,"68,572,398"
03/09/2023,153.56,154.54,150.23,150.59,"53,833,578"
03/08/2023,152.81,153.47,151.83,152.87,"47,204,793"
03/07/2023,153.7,154.03,151.13,151.6,"56,182,031"
03/06/2023,153.79,156.3,153.46,153.83,"87,558,031"
03/03/2023,148.05,151.11,147.33,151.03,"70,732,305"
03/02/2023,144.38,146.71,143.9,145.91,"52,279,762"
03/01/2023,146.83,147.23,145.01,145.31,"55,478,992"
02/28/2023,147.05,149.08,146.83,147.41,"50,547,000"
02/27/2023,147.71,149.17,147.45,147.92,"44,998,473"
02/24/2023,147.11,147.19,145.72,146.71,"55,469,609"
02/23/2023,150.09,150.34,147.24,149.4,"48,394,246"
02/22/2023,148.87,149.95,147.16,148.91,"51,011,312"
02/21/2023,150.2,151.3,148.41,148.48,"58,867,230"
02/17/2023,152.35,153,150.85,152.55,"59,144,121"
02/16/2023,153.51,156.33,153.35,153.71,"68,167,938"
02/15/2023,153.11,155.5,152.88,155.33,"65,669,250"
02/14/2023,152.12,153.77,150.86,153.2,"61,707,566"
02/13/2023,150.95,154.26,150.92,153.85,"62,199,008"
02/10/2023,149.46,151.34,149.22,151.01,"57,450,711"
02/09/2023,153.78,154.33,150.42,150.87,"56,007,141"
02/08/2023,153.88,154.58,151.17,151.92,"64,120,078"
02/07/2023,150.64,155.23,150.64,154.65,"83,322,555"
02/06/2023,152.58,153.1,150.78,151.73,"69,858,312"
02/03/2023,148.03,157.38,147.83,154.5,"154,357,297"
02/02/2023,148.9,151.18,148.17,150.82,"118,339,000"
02/01/2023,143.97,146.61,141.32,145.43,"77,663,633"
01/31/2023,142.7,144.34,142.28,144.29,"65,874,461"
01/30/2023,144.96,145.55,142.85,143,"64,015,273"
01/27/2023,143.16,147.23,143.08,145.93,"70,555,844"
01/26/2023,143.17,144.25,141.9,143.96,"54,105,070"
01/25/2023,140.89,142.43,138.81,141.86,"65,799,352"
01/24/2023,140.31,143.16,140.3,142.53,"66,435,141"
01/23/2023,138.12,143.32,137.9,141.11,"81,760,312"
01/20/2023,135.28,138.02,134.22,137.87,"80,223,633"
01/19/2023,134.08,136.25,133.77,135.27,"58,280,406"
01/18/2023,136.82,138.61,135.03,135.21,"69,672,797"
01/17/2023,134.83,137.29,134.13,135.94,"63,646,633"
01/13/2023,132.03,134.92,131.66,134.76,"57,809,719"
01/12/2023,133.88,134.26,131.44,133.41,"71,379,648"
01/11/2023,131.25,133.51,130.46,133.49,"69,458,953"
01/10/2023,130.26,131.26,128.12,130.73,"63,896,160"
01/09/2023,130.47,133.41,129.89,130.15,"70,790,805"
01/06/2023,126.01,130.29,124.89,129.62,"87,754,719"
01/05/2023,127.13,127.77,124.76,125.02,"80,962,711"
01/04/2023,126.89,128.66,125.08,126.36,"89,113,633"
01/03/2023,130.28,130.9,124.17,125.07,"112,117,508"
12/30/2022,128.41,129.95,127.43,129.93,"77,034,211"
12/29/2022,127.99,130.48,127.73,129.61,"75,703,711"
12/28/2022,129.67,131.03,125.87,126.04,"85,438,391"
12/27/2022,131.38,131.41,128.72,130.03,"69,007,828"
12/23/2022,130.92,132.42,129.64,131.86,"63,814,887"
12/22/2022,134.35,134.56,130.3,132.23,"77,852,109"
12/21/2022,132.98,136.81,132.75,135.45,"85,927,992"
12/20/2022,131.39,133.25,129.89,132.3,"77,432,812"
12/19/2022,135.11,135.2,131.32,132.37,"79,592,609"
12/16/2022,136.69,137.65,133.73,134.51,"160,156,891"
12/15/2022,141.11,141.8,136.03,136.5,"98,931,914"
12/14/2022,145.35,146.66,141.16,143.21,"82,291,188"
12/13/2022,149.5,149.97,144.24,145.47,"93,886,156"
12/12/2022,142.7,144.5,141.06,144.49,"70,462,648"
12/09/2022,142.34,145.57,140.9,142.16,"76,097,008"
12/08/2022,142.36,143.52,141.1,142.65,"62,128,340"
12/07/2022,142.19,143.37,140,140.94,"69,721,086"
12/06/2022,147.08,147.3,141.92,142.91,"64,727,191"
12/05/2022,147.77,150.92,145.77,146.63,"68,826,438"
12/02/2022,145.96,148,145.65,147.81,"65,447,449"
12/01/2022,148.21,149.13,146.61,148.31,"71,250,414"
11/30/2022,141.4,148.72,140.55,148.03,"111,380,898"
11/29/2022,144.29,144.81,140.36,141.17,"83,763,797"
11/28/2022,145.14,146.64,143.38,144.22,"69,346,523"
11/25/2022,148.31,148.88,147.12,148.11,"35,195,859"
11/23/2022,149.45,151.83,149.34,151.07,"58,301,398"
11/22/2022,148.13,150.42,146.93,150.18,"51,804,129"
11/21/2022,150.16,150.37,147.72,148.01,"58,724,070"
11/18/2022,152.31,152.7,149.97,151.29,"74,829,570"
11/17/2022,146.43,151.48,146.15,150.72,"80,389,398"
11/16/2022,149.13,149.87,147.29,148.79,"64,218,273"
11/15/2022,152.22,153.59,148.56,150.04,"89,868,328"
11/14/2022,148.97,150.28,147.43,148.28,"73,374,109"
11/11/2022,145.82,150.01,144.37,149.7,"93,979,672"
11/10/2022,141.24,146.87,139.5,146.87,"118,854,000"
11/09/2022,138.5,138.55,134.59,134.87,"74,917,789"
11/08/2022,140.41,141.43,137.49,139.5,"89,908,477"
11/07/2022,137.11,139.15,135.67,138.92,"83,374,633"
11/04/2022,142.09,142.67,134.38,138.38,"140,814,797"
11/03/2022,142.06,142.8,138.75,138.88,"97,918,523"
11/02/2022,148.95,152.17,145,145.03,"93,604,625"
11/01/2022,155.08,155.45,149.13,150.65,"80,379,352"
10/31/2022,153.16,154.24,151.92,153.34,"97,943,172"
10/28/2022,148.2,157.5,147.82,155.74,"164,762,406"
10/27/2022,148.07,149.05,144.13,144.8,"109,180,203"
10/26/2022,150.96,151.99,148.04,149.35,"88,436,172"
10/25/2022,150.09,152.49,149.36,152.34,"74,732,289"
10/24/2022,147.19,150.23,146,149.45,"75,981,922"
10/21/2022,142.87,147.85,142.65,147.27,"86,548,609"
10/20/2022,143.02,145.89,142.65,143.39,"64,521,992"
10/19/2022,141.69,144.95,141.5,143.86,"61,758,340"
10/18/2022,145.49,146.7,140.61,143.75,"99,136,609"
10/17/2022,141.07,142.9,140.27,142.41,"85,250,945"
10/14/2022,144.31,144.52,138.19,138.38,"88,597,969"
10/13/2022,134.99,143.59,134.37,142.99,"113,224,000"
10/12/2022,139.13,140.36,138.16,138.34,"70,433,742"
10/11/2022,139.9,141.35,138.22,138.98,"77,033,672"
10/10/2022,140.42,141.89,138.57,140.42,"74,899,000"
10/07/2022,142.54,143.1,139.45,140.09,"85,925,562"
10/06/2022,145.81,147.54,145.22,145.43,"68,402,172"
10/05/2022,144.08,147.38,143.01,146.4,"79,470,969"
10/04/2022,145.03,146.22,144.26,146.1,"87,830,062"
10/03/2022,138.21,143.07,137.69,142.45,"114,311,695"
09/30/2022,141.28,143.1,138,138.2,"124,925,297"
09/29/2022,146.1,146.72,140.68,142.48,"128,138,203"
09/28/2022,147.64,150.64,144.84,149.84,"146,691,391"
09/27/2022,152.74,154.72,149.95,151.76,"84,442,734"
09/26/2022,149.66,153.77,149.64,150.77,"93,339,406"
09/23/2022,151.19,151.47,148.56,150.43,"96,029,914"
09/22/2022,152.38,154.47,150.91,152.74,"86,652,547"
09/21/2022,157.34,158.74,153.6,153.72,"101,696,797"
09/20/2022,153.4,158.08,153.08,156.9,"107,689,797"
09/19/2022,149.31,154.56,149.1,154.48,"81,474,250"
09/16/2022,151.21,151.35,148.37,150.7,"162,278,797"
09/15/2022,154.65,155.24,151.38,152.37,"90,481,109"
09/14/2022,154.79,157.1,153.61,155.31,"87,965,406"
09/13/2022,159.9,160.54,153.37,153.84,"122,656,602"
09/12/2022,159.59,164.26,159.3,163.43,"104,956,000"
09/09/2022,155.47,157.82,154.75,157.37,"68,081,008"
09/08/2022,154.64,156.36,152.68,154.46,"84,923,852"
09/07/2022,154.83,156.67,153.61,155.96,"87,449,570"
09/06/2022,156.47,157.09,153.69,154.53,"73,714,844"
09/02/2022,159.75,160.36,154.97,155.81,"76,957,766"
09/01/2022,156.64,158.42,154.67,157.96,"74,229,906"
08/31/2022,160.31,160.58,157.14,157.22,"87,991,086"
08/30/2022,162.13,162.56,157.72,158.91,"77,906,203"
08/29/2022,161.15,162.9,159.82,161.38,"73,313,953"
08/26/2022,170.57,171.05,163.56,163.62,"78,960,977"
08/25/2022,168.78,170.14,168.35,170.03,"51,218,207"
08/24/2022,167.32,168.11,166.25,167.53,"53,841,520"
08/23/2022,167.08,168.71,166.65,167.23,"54,147,078"
08/22/2022,169.69,169.86,167.14,167.57,"69,026,805"
08/19/2022,173.03,173.74,171.31,171.52,"70,346,305"
08/18/2022,173.75,174.9,173.12,174.15,"62,290,078"
08/17/2022,172.77,176.15,172.57,174.55,"79,542,039"
08/16/2022,172.78,173.71,171.66,173.03,"56,377,047"
08/15/2022,171.52,173.39,171.35,173.19,"54,091,688"
08/12/2022,169.82,172.17,169.4,172.1,"68,039,375"
08/11/2022,170.06,170.99,168.19,168.49,"57,149,160"
08/10/2022,167.68,169.34,166.9,169.24,"70,170,547"
08/09/2022,164.02,165.82,163.25,164.92,"63,135,500"
08/08/2022,166.37,167.81,164.2,164.87,"60,362,340"
08/05/2022,163.21,165.85,163,165.35,"56,696,992"
08/04/2022,166.01,167.19,164.43,165.81,"55,474,141"
08/03/2022,160.84,166.59,160.75,166.13,"82,507,484"
08/02/2022,160.1,162.41,159.63,160.01,"59,907,031"
08/01/2022,161.01,163.59,160.89,161.51,"67,829,375"
07/29/2022,161.24,163.63,159.5,162.51,"101,786,898"
07/28/2022,156.98,157.64,154.41,157.35,"81,378,727"
07/27/2022,152.58,157.33,152.16,156.79,"78,620,688"
07/26/2022,152.27,153.09,150.8,151.6,"55,138,688"
07/25/2022,154.01,155.04,152.28,152.95,"53,623,953"
07/22/2022,155.39,156.28,153.41,154.09,"66,675,406"
07/21/2022,154.5,155.57,151.94,155.35,"65,086,641"
07/20/2022,151.12,153.72,150.37,153.04,"64,823,406"
07/19/2022,147.92,151.23,146.91,151,"82,982,367"
07/18/2022,150.74,151.57,146.7,147.07,"81,420,875"
07/15/2022,149.78,150.86,148.2,150.17,"76,259,930"
07/14/2022,144.08,148.95,143.25,148.47,"78,140,734"
07/13/2022,142.99,146.45,142.12,145.49,"71,185,562"
07/12/2022,145.76,148.45,145.05,145.86,"77,588,758"
07/11/2022,145.67,146.64,143.78,144.87,"63,305,113"
07/08/2022,145.27,147.55,145,147.04,"64,547,801"
07/07/2022,143.29,146.55,143.28,146.35,"66,253,711"
07/06/2022,141.36,144.12,141.08,142.92,"74,064,250"
07/05/2022,137.77,141.61,136.93,141.56,"73,429,641"
07/01/2022,136.04,139.04,135.66,138.93,"71,051,555"
06/30/2022,137.25,138.37,133.77,136.72,"98,964,469"
06/29/2022,137.46,140.67,136.67,139.23,"66,242,406"
06/28/2022,142.13,143.42,137.33,137.44,"67,315,328"
06/27/2022,142.7,143.49,140.97,141.66,"70,207,914"
06/24/2022,139.9,141.91,139.77,141.66,"89,116,844"
06/23/2022,136.82,138.59,135.63,138.27,"72,433,766"
06/22/2022,134.79,137.76,133.91,135.35,"73,409,234"
06/21/2022,133.42,137.06,133.32,135.87,"81,000,484"
06/17/2022,130.07,133.08,129.81,131.56,"134,520,297"
06/16/2022,132.08,132.39,129.04,130.06,"107,961,508"
06/15/2022,134.29,137.34,132.16,135.43,"91,532,969"
06/14/2022,133.13,133.89,131.48,132.76,"84,784,328"
06/13/2022,132.87,135.2,131.44,131.88,"122,207,102"
06/10/2022,140.28,140.76,137.06,137.13,"91,566,641"
06/09/2022,147.08,147.95,142.53,142.64,"69,472,977"
06/08/2022,148.58,149.87,147.46,147.96,"53,950,199"
06/07/2022,144.35,149,144.1,148.71,"67,808,148"
06/06/2022,147.03,148.57,144.9,146.14,"71,598,383"
06/03/2022,146.9,147.97,144.46,145.38,"88,570,289"
06/02/2022,147.83,151.27,146.86,151.21,"72,348,062"
06/01/2022,149.9,151.74,147.68,148.71,"74,286,641"
05/31/2022,149.07,150.66,146.84,148.84,"103,718,398"
05/27/2022,145.39,149.68,145.26,149.64,"90,978,492"
05/26/2022,137.39,144.34,137.14,143.78,"90,601,555"
05/25/2022,138.43,141.79,138.34,140.52,"92,482,703"
05/24/2022,140.81,141.97,137.33,140.36,"104,132,703"
05/23/2022,137.79,143.26,137.65,143.11,"117,726,305"
05/20/2022,139.09,140.7,132.61,137.59,"137,426,094"
05/19/2022,139.88,141.66,136.6,137.35,"136,095,594"
05/18/2022,146.85,147.36,139.9,140.82,"109,742,898"
05/17/2022,148.86,149.77,146.68,149.24,"78,336,250"
05/16/2022,145.55,147.52,144.18,145.54,"86,643,773"
05/13/2022,144.59,148.11,143.11,147.11,"113,990,898"
05/12/2022,142.77,146.2,138.8,142.56,"182,602,000"
05/11/2022,153.5,155.45,145.81,146.5,"142,689,797"
05/10/2022,155.52,156.74,152.93,154.51,"115,366,703"
05/09/2022,154.93,155.83,151.49,152.06,"131,577,906"
05/06/2022,156.01,159.44,154.18,157.28,"116,124,602"
05/05/2022,163.85,164.08,154.95,156.77,"130,525,297"
05/04/2022,159.67,166.48,159.26,166.02,"108,256,492"
05/03/2022,158.15,160.71,156.32,159.48,"88,966,531"
05/02/2022,156.71,158.23,153.27,157.96,"123,055,297"
04/29/2022,161.84,166.2,157.25,157.65,"131,747,594"
04/28/2022,159.25,164.52,158.93,163.64,"130,216,797"
04/27/2022,155.91,159.79,155.38,156.57,"88,063,195"
04/26/2022,162.25,162.34,156.72,156.8,"95,623,242"
04/25/2022,161.12,163.17,158.46,162.88,"96,046,383"
04/22/2022,166.46,167.87,161.5,161.79,"84,882,414"
04/21/2022,168.91,171.53,165.91,166.42,"87,227,766"
04/20/2022,168.76,168.88,166.1,167.23,"67,929,805"
04/19/2022,165.02,167.82,163.91,167.4,"67,723,828"
04/18/2022,163.92,166.6,163.57,165.07,"69,023,938"
04/14/2022,170.62,171.27,165.04,165.29,"75,329,375"
04/13/2022,167.39,171.04,166.77,170.4,"70,618,930"
04/12/2022,168.02,169.87,166.64,167.66,"79,265,188"
04/11/2022,168.71,169.03,165.5,165.75,"72,246,711"
04/08/2022,171.78,171.78,169.2,170.09,"76,575,516"
04/07/2022,171.16,173.36,169.85,172.14,"77,594,648"
04/06/2022,172.36,173.63,170.13,171.83,"89,058,781"
04/05/2022,177.5,178.3,174.42,175.06,"73,401,789"
04/04/2022,174.57,178.49,174.44,178.44,"76,545,984"
04/01/2022,174.03,174.88,171.94,174.31,"78,751,328"
03/31/2022,177.84,178.03,174.4,174.61,"103,049,297"
03/30/2022,178.55,179.61,176.7,177.77,"92,633,148"
03/29/2022,176.69,179.01,176.34,178.96,"100,589,398"
03/28/2022,172.17,175.73,172,175.6,"90,371,922"
03/25/2022,173.88,175.28,172.75,174.72,"80,546,156"
03/24/2022,171.06,174.14,170.21,174.07,"90,131,422"
03/23/2022,167.99,172.64,167.65,170.21,"98,062,672"
03/22/2022,165.51,169.42,164.91,168.82,"81,532,008"
03/21/2022,163.51,166.35,163.02,165.38,"95,811,352"
03/18/2022,160.51,164.48,159.76,163.98,"123,511,695"
03/17/2022,158.61,161,157.63,160.62,"75,615,375"
03/16/2022,157.05,160,154.46,159.59,"102,300,203"
03/15/2022,150.9,155.57,150.38,155.09,"92,964,305"
03/14/2022,151.45,154.12,150.1,150.62,"108,732,094"
03/11/2022,158.93,159.28,154.5,154.73,"96,970,094"
03/10/2022,160.2,160.39,155.98,158.52,"105,342,000"
03/09/2022,161.48,163.41,159.41,162.95,"91,454,914"
03/08/2022,158.82,162.88,155.8,157.44,"131,148,297"
03/07/2022,163.36,165.02,159.04,159.3,"96,418,852"
03/04/2022,164.49,165.55,162.1,163.17,"83,819,594"
03/03/2022,168.47,168.91,165.55,166.23,"76,678,438"
03/02/2022,164.39,167.36,162.95,166.56,"79,724,750"
03/01/2022,164.7,166.6,161.97,163.2,"83,474,430"
02/28/2022,163.06,165.42,162.43,165.12,"95,056,633"
02/25/2022,163.84,165.12,160.87,164.85,"91,974,227"
02/24/2022,152.58,162.85,152,162.74,"141,147,500"
02/23/2022,165.54,166.15,159.75,160.07,"90,009,250"
02/22/2022,164.98,166.69,162.15,164.32,"91,162,758"
02/18/2022,169.82,170.54,166.19,167.3,"82,772,672"
02/17/2022,171.03,171.91,168.47,168.88,"69,589,344"
02/16/2022,171.85,173.34,170.05,172.55,"61,177,398"
02/15/2022,170.97,172.95,170.25,172.79,"64,286,320"
02/14/2022,167.37,169.58,166.56,168.88,"86,185,531"
02/11/2022,172.33,173.08,168.04,168.64,"98,670,688"
02/10/2022,174.14,175.48,171.55,172.12,"90,865,906"
02/09/2022,176.05,176.65,174.9,176.28,"71,285,039"
02/08/2022,171.73,175.35,171.43,174.83,"74,829,219"
02/07/2022,172.86,173.95,170.95,171.66,"77,251,203"
02/04/2022,171.68,174.1,170.68,172.39,"82,465,398"
02/03/2022,174.48,176.24,172.12,172.9,"89,418,070"
02/02/2022,174.75,175.88,173.33,175.84,"84,914,258"
02/01/2022,174.01,174.84,172.31,174.61,"86,213,914"
01/31/2022,170.16,175,169.51,174.78,"115,541,602"
01/28/2022,165.71,170.35,162.8,170.33,"179,935,703"
01/27/2022,162.45,163.84,158.28,159.22,"121,954,602"
01/26/2022,163.5,164.39,157.82,159.69,"108,275,297"
01/25/2022,158.98,162.76,157.02,159.78,"115,798,398"
01/24/2022,160.02,162.3,154.7,161.62,"162,706,703"
01/21/2022,164.42,166.33,162.3,162.41,"122,848,898"
01/20/2022,166.98,169.68,164.18,164.51,"91,420,523"
01/19/2022,170,171.08,165.94,166.23,"94,814,992"
01/18/2022,171.51,172.54,169.41,169.8,"91,168,727"
01/14/2022,171.34,173.78,171.09,173.07,"80,440,781"
01/13/2022,175.78,176.62,171.79,172.19,"84,505,758"
01/12/2022,176.12,177.18,174.82,175.53,"74,805,172"
01/11/2022,172.32,175.18,170.82,175.08,"76,138,312"
01/10/2022,169.08,172.5,168.17,172.19,"106,765,602"
01/07/2022,172.89,174.14,171.03,172.17,"86,709,148"
01/06/2022,172.7,175.3,171.64,172,"96,903,961"
01/05/2022,179.61,180.17,174.64,174.92,"94,537,602"
01/04/2022,182.63,182.94,179.12,179.7,"99,310,438"
01/03/2022,177.83,182.88,177.71,182.01,"104,701,203"
12/31/2021,178.09,179.23,177.26,177.57,"64,062,262"
12/30/2021,179.47,180.57,178.09,178.2,"59,773,008"
12/29/2021,179.33,180.63,178.14,179.38,"62,348,930"
12/28/2021,180.16,181.33,178.53,179.29,"79,144,336"
12/27/2021,177.09,180.42,177.07,180.33,"74,919,586"
12/23/2021,175.85,176.85,175.27,176.28,"68,356,570"
12/22/2021,173.04,175.86,172.15,175.64,"92,135,297"
12/21/2021,171.56,173.2,169.12,172.99,"91,185,914"
12/20/2021,168.28,170.58,167.46,169.75,"107,499,102"
12/17/2021,169.93,173.47,169.69,171.14,"195,923,391"
12/16/2021,179.28,181.14,170.75,172.26,"150,185,797"
12/15/2021,175.11,179.5,172.31,179.3,"131,063,297"
12/14/2021,175.25,177.74,172.21,174.33,"139,380,406"
12/13/2021,181.12,182.13,175.53,175.74,"153,236,984"
12/10/2021,175.21,179.63,174.69,179.45,"115,402,703"
12/09/2021,174.91,176.75,173.92,174.56,"108,923,695"
12/08/2021,172.13,175.96,170.7,175.08,"116,998,898"
12/07/2021,169.08,171.58,168.34,171.18,"120,405,398"
12/06/2021,164.29,167.88,164.28,165.32,"107,497,000"
12/03/2021,164.02,164.96,159.72,161.84,"118,023,102"