Date,Open,High,Low,Close
12/04/2023,"14,168.66","14,197.52","14,058.52","14,185.49"
12/01/2023,"14,181.36","14,311.95","14,135.00","14,305.03"
11/30/2023,"14,265.05","14,289.20","14,127.06","14,226.22"
11/29/2023,"14,367.11","14,423.22","14,247.89","14,258.49"
11/28/2023,"14,224.63","14,303.66","14,195.72","14,281.76"
11/27/2023,"14,239.31","14,305.71","14,205.24","14,241.02"
11/24/2023,"14,238.04","14,270.28","14,214.13","14,250.85"
11/22/2023,"14,283.82","14,359.61","14,226.63","14,265.86"
11/21/2023,"14,217.23","14,237.50","14,146.31","14,199.98"
11/20/2023,"14,134.75","14,309.80","14,134.20","14,284.53"
11/17/2023,"14,101.44","14,154.32","14,063.93","14,125.48"
11/16/2023,"14,066.88","14,130.45","14,033.79","14,113.67"
11/15/2023,"14,147.27","14,194.36","14,060.70","14,103.84"
11/14/2023,"14,015.37","14,124.06","14,003.14","14,094.38"
11/13/2023,"13,745.96","13,805.11","13,687.78","13,767.74"
11/10/2023,"13,571.19","13,802.53","13,556.35","13,798.11"
11/09/2023,"13,693.70","13,697.82","13,506.02","13,521.45"
11/08/2023,"13,660.22","13,684.87","13,573.58","13,650.41"
11/07/2023,"13,555.79","13,675.46","13,516.56","13,639.86"
11/06/2023,"13,514.08","13,551.62","13,435.99","13,518.78"
11/03/2023,"13,362.85","13,520.28","13,344.73","13,478.28"
11/02/2023,"13,230.49","13,302.18","13,177.64","13,294.19"
11/01/2023,"12,887.06","13,072.43","12,875.20","13,061.47"
10/31/2023,"12,786.62","12,859.40","12,697.04","12,851.24"
10/30/2023,"12,750.47","12,842.96","12,691.56","12,789.48"
10/27/2023,"12,718.69","12,772.43","12,600.57","12,643.01"
10/26/2023,"12,768.97","12,818.14","12,543.86","12,595.61"
10/25/2023,"13,039.86","13,042.52","12,804.30","12,821.22"
10/24/2023,"13,084.99","13,170.39","13,022.85","13,139.87"
10/23/2023,"12,930.85","13,143.23","12,848.83","13,018.33"
10/20/2023,"13,157.77","13,177.35","12,977.44","12,983.81"
10/19/2023,"13,354.80","13,404.73","13,157.33","13,186.18"
10/18/2023,"13,439.68","13,499.74","13,275.30","13,314.30"
10/17/2023,"13,419.87","13,602.25","13,364.74","13,533.75"
10/16/2023,"13,453.81","13,598.05","13,447.17","13,567.98"
10/13/2023,"13,613.59","13,619.54","13,361.85","13,407.23"
10/12/2023,"13,672.47","13,714.14","13,491.56","13,574.22"
10/11/2023,"13,619.21","13,671.11","13,549.29","13,659.68"
10/10/2023,"13,505.81","13,659.63","13,491.81","13,562.84"
10/09/2023,"13,326.22","13,509.30","13,277.48","13,484.24"
10/06/2023,"13,127.68","13,472.27","13,099.03","13,431.34"
10/05/2023,"13,228.12","13,251.18","13,087.57","13,219.83"
10/04/2023,"13,092.92","13,258.76","13,072.52","13,236.01"
10/03/2023,"13,229.68","13,280.04","13,008.60","13,059.47"
10/02/2023,"13,217.99","13,364.03","13,204.08","13,307.77"
09/29/2023,"13,337.71","13,382.98","13,177.09","13,219.32"
09/28/2023,"13,043.37","13,270.97","13,025.11","13,201.28"
09/27/2023,"13,115.36","13,156.37","12,963.16","13,092.85"
09/26/2023,"13,180.96","13,199.13","13,033.40","13,063.61"
09/25/2023,"13,172.54","13,277.83","13,132.00","13,271.32"
09/22/2023,"13,287.17","13,353.22","13,200.64","13,211.81"
09/21/2023,"13,328.06","13,362.23","13,222.56","13,223.98"
09/20/2023,"13,710.26","13,727.81","13,467.28","13,469.13"
09/19/2023,"13,649.44","13,705.15","13,578.87","13,678.19"
09/18/2023,"13,669.96","13,751.28","13,663.46","13,710.24"
09/15/2023,"13,889.20","13,895.75","13,684.25","13,708.33"
09/14/2023,"13,889.76","13,957.57","13,810.66","13,926.05"
09/13/2023,"13,773.67","13,868.57","13,733.82","13,813.59"
09/12/2023,"13,858.94","13,913.60","13,763.69","13,773.61"
09/11/2023,"13,884.03","13,937.47","13,805.13","13,917.89"
09/08/2023,"13,754.71","13,843.37","13,733.18","13,761.53"
09/07/2023,"13,675.11","13,774.64","13,642.47","13,748.83"
09/06/2023,"13,988.81","14,001.95","13,802.42","13,872.47"
09/05/2023,"13,994.54","14,060.85","13,945.65","14,020.95"
09/01/2023,"14,129.96","14,149.62","13,982.42","14,031.81"
08/31/2023,"14,041.54","14,114.68","14,010.48","14,034.97"
08/30/2023,"13,961.77","14,050.82","13,924.20","14,019.31"
08/29/2023,"13,687.23","13,959.81","13,677.06","13,943.76"
08/28/2023,"13,695.36","13,735.98","13,626.64","13,705.13"
08/25/2023,"13,514.37","13,633.42","13,376.35","13,590.65"
08/24/2023,"13,834.31","13,834.69","13,462.84","13,463.97"
08/23/2023,"13,532.43","13,757.00","13,532.43","13,721.03"
08/22/2023,"13,593.95","13,598.77","13,484.38","13,505.87"
08/21/2023,"13,347.26","13,516.86","13,325.59","13,497.59"
08/18/2023,"13,190.02","13,335.87","13,161.77","13,290.78"
08/17/2023,"13,527.30","13,535.09","13,303.45","13,316.93"
08/16/2023,"13,593.17","13,644.32","13,473.03","13,474.63"
08/15/2023,"13,760.48","13,774.98","13,611.94","13,631.05"
08/14/2023,"13,599.00","13,789.16","13,582.49","13,788.33"
08/11/2023,"13,633.65","13,720.33","13,609.98","13,644.85"
08/10/2023,"13,818.25","13,947.16","13,686.52","13,737.99"
08/09/2023,"13,897.61","13,898.54","13,698.39","13,722.02"
08/08/2023,"13,875.45","13,899.74","13,769.34","13,884.32"
08/07/2023,"13,972.45","13,997.15","13,864.92","13,994.40"
08/04/2023,"14,025.96","14,119.22","13,897.93","13,909.24"
08/03/2023,"13,899.76","14,032.28","13,881.35","13,959.72"
08/02/2023,"14,132.73","14,133.85","13,914.81","13,973.45"
08/01/2023,"14,274.93","14,309.21","14,215.64","14,283.91"
07/31/2023,"14,337.90","14,370.91","14,292.76","14,346.02"
07/28/2023,"14,199.83","14,344.35","14,188.10","14,316.66"
07/27/2023,"14,319.16","14,360.20","14,006.93","14,050.11"
07/26/2023,"14,123.52","14,187.35","14,041.95","14,127.28"
07/25/2023,"14,093.24","14,201.91","14,092.52","14,144.56"
07/24/2023,"14,081.63","14,110.15","13,997.13","14,058.87"
07/21/2023,"14,148.18","14,179.01","14,020.45","14,032.81"
07/20/2023,"14,273.29","14,309.92","14,030.63","14,063.31"
07/19/2023,"14,398.53","14,446.55","14,317.09","14,358.02"
07/18/2023,"14,212.25","14,396.69","14,176.11","14,353.64"
07/17/2023,"14,149.92","14,274.41","14,138.01","14,244.95"
07/14/2023,"14,166.66","14,232.11","14,081.96","14,113.70"
07/13/2023,"14,021.15","14,163.81","14,012.24","14,138.57"
07/12/2023,"13,915.64","13,963.45","13,842.13","13,918.96"
07/11/2023,"13,709.82","13,774.83","13,643.32","13,760.70"
07/10/2023,"13,645.37","13,692.41","13,584.87","13,685.48"
07/07/2023,"13,668.07","13,804.51","13,656.74","13,660.72"
07/06/2023,"13,653.17","13,689.52","13,567.26","13,679.04"
07/05/2023,"13,772.10","13,844.50","13,764.25","13,791.65"
07/03/2023,"13,798.70","13,839.09","13,773.41","13,816.77"
06/30/2023,"13,719.98","13,816.68","13,716.16","13,787.92"
06/29/2023,"13,592.36","13,618.53","13,540.26","13,591.33"
06/28/2023,"13,506.02","13,654.14","13,495.73","13,591.75"
06/27/2023,"13,389.25","13,578.80","13,366.97","13,555.67"
06/26/2023,"13,468.75","13,573.57","13,334.42","13,335.78"
06/23/2023,"13,484.10","13,572.19","13,442.65","13,492.52"
06/22/2023,"13,443.41","13,631.85","13,441.56","13,630.61"
06/21/2023,"13,620.87","13,638.57","13,460.94","13,502.20"
06/20/2023,"13,642.30","13,711.18","13,561.84","13,667.29"
06/16/2023,"13,859.07","13,864.06","13,680.96","13,689.57"
06/15/2023,"13,572.88","13,828.17","13,561.37","13,782.82"
06/14/2023,"13,570.56","13,661.74","13,455.99","13,626.48"
06/13/2023,"13,566.53","13,594.40","13,473.19","13,573.32"
06/12/2023,"13,326.37","13,465.91","13,302.58","13,461.92"
06/09/2023,"13,312.40","13,385.95","13,229.33","13,259.14"
06/08/2023,"13,113.27","13,248.60","13,101.18","13,238.52"
06/07/2023,"13,295.26","13,361.90","13,089.48","13,104.89"
06/06/2023,"13,199.59","13,306.21","13,165.65","13,276.42"
06/05/2023,"13,238.48","13,330.65","13,194.95","13,229.43"
06/02/2023,"13,190.48","13,256.21","13,125.86","13,240.77"
06/01/2023,"12,944.46","13,141.83","12,903.63","13,100.98"
05/31/2023,"12,968.38","13,029.08","12,889.37","12,935.29"
05/30/2023,"13,109.10","13,154.29","12,968.12","13,017.43"
05/26/2023,"12,736.42","13,001.91","12,729.74","12,975.69"
05/25/2023,"12,706.44","12,736.92","12,604.89","12,698.09"
05/24/2023,"12,481.90","12,529.63","12,415.85","12,484.16"
05/23/2023,"12,652.88","12,709.74","12,554.43","12,560.25"
05/22/2023,"12,664.44","12,756.23","12,655.26","12,720.78"
05/19/2023,"12,709.46","12,731.73","12,624.06","12,657.90"
05/18/2023,"12,513.87","12,698.50","12,512.27","12,688.84"
05/17/2023,"12,388.58","12,514.07","12,335.02","12,500.57"
05/16/2023,"12,327.05","12,403.81","12,324.52","12,343.05"
05/15/2023,"12,301.17","12,376.40","12,263.35","12,365.21"
05/12/2023,"12,350.52","12,364.65","12,209.58","12,284.74"
05/11/2023,"12,321.26","12,347.38","12,255.44","12,328.51"
05/10/2023,"12,286.66","12,337.69","12,180.86","12,306.44"
05/09/2023,"12,195.78","12,216.13","12,174.06","12,179.55"
05/08/2023,"12,231.68","12,264.99","12,178.26","12,256.92"
05/05/2023,"12,073.03","12,264.83","12,065.72","12,235.41"
05/04/2023,"11,997.34","12,033.15","11,925.37","11,966.40"
05/03/2023,"12,097.04","12,212.56","12,022.46","12,025.33"
05/02/2023,"12,198.02","12,206.58","12,015.23","12,080.51"
05/01/2023,"12,210.05","12,261.32","12,181.08","12,212.60"
04/28/2023,"12,117.54","12,227.72","12,082.57","12,226.58"
04/27/2023,"11,972.15","12,154.01","11,950.92","12,142.24"
04/26/2023,"11,913.23","11,967.99","11,833.07","11,854.35"
04/25/2023,"11,968.81","11,990.46","11,798.77","11,799.16"
04/24/2023,"12,053.47","12,103.58","11,960.31","12,037.20"
04/21/2023,"12,046.03","12,097.15","11,986.82","12,072.46"
04/20/2023,"12,039.08","12,155.96","12,011.95","12,059.56"
04/19/2023,"12,063.68","12,191.10","12,060.17","12,157.23"
04/18/2023,"12,234.56","12,245.43","12,110.23","12,153.41"
04/17/2023,"12,108.23","12,159.02","12,064.10","12,157.72"
04/14/2023,"12,117.91","12,205.72","12,026.55","12,123.47"
04/13/2023,"11,997.42","12,178.80","11,995.94","12,166.27"
04/12/2023,"12,110.87","12,134.50","11,916.54","11,929.34"
04/11/2023,"12,080.24","12,091.27","12,011.40","12,031.88"
04/10/2023,"11,975.14","12,084.95","11,924.20","12,084.36"
04/06/2023,"11,939.08","12,098.50","11,898.36","12,087.96"
04/05/2023,"12,081.76","12,086.75","11,931.85","11,996.86"
04/04/2023,"12,208.49","12,224.68","12,081.81","12,126.33"
04/03/2023,"12,146.09","12,196.34","12,086.52","12,189.45"
03/31/2023,"12,031.54","12,227.93","12,030.44","12,221.91"
03/30/2023,"12,010.45","12,044.79","11,953.37","12,013.47"
03/29/2023,"11,855.59","11,941.60","11,823.35","11,926.24"
03/28/2023,"11,752.76","11,752.76","11,635.03","11,716.08"
03/27/2023,"11,868.54","11,903.21","11,739.05","11,768.84"
03/24/2023,"11,747.62","11,826.23","11,670.67","11,823.96"
03/23/2023,"11,811.32","11,962.69","11,684.52","11,787.40"
03/22/2023,"11,857.50","12,013.99","11,666.85","11,669.96"
03/21/2023,"11,764.79","11,879.16","11,724.91","11,860.11"
03/20/2023,"11,614.39","11,695.55","11,550.69","11,675.54"
03/17/2023,"11,696.35","11,773.11","11,562.63","11,630.51"
03/16/2023,"11,384.87","11,733.80","11,365.49","11,717.28"
03/15/2023,"11,291.17","11,447.91","11,238.44","11,434.05"
03/14/2023,"11,357.74","11,467.02","11,284.93","11,428.15"
03/13/2023,"11,041.46","11,326.73","10,982.80","11,188.84"
03/10/2023,"11,325.36","11,373.81","11,093.86","11,138.89"
03/09/2023,"11,578.31","11,667.12","11,319.98","11,338.35"
03/08/2023,"11,553.09","11,601.23","11,487.75","11,576.00"
03/07/2023,"11,670.98","11,705.97","11,512.03","11,530.33"
03/06/2023,"11,736.87","11,827.92","11,667.48","11,675.74"
03/03/2023,"11,524.65","11,699.63","11,514.74","11,689.01"
03/02/2023,"11,273.77","11,487.59","11,273.61","11,462.98"
03/01/2023,"11,447.58","11,479.00","11,349.87","11,379.48"
02/28/2023,"11,451.05","11,548.23","11,435.39","11,455.54"
02/27/2023,"11,517.19","11,565.23","11,444.60","11,466.98"
02/24/2023,"11,404.18","11,434.36","11,334.47","11,394.94"
02/23/2023,"11,636.93","11,638.98","11,432.58","11,590.40"
02/22/2023,"11,517.20","11,582.52","11,445.17","11,507.07"
02/21/2023,"11,640.37","11,684.14","11,491.18","11,492.30"
02/17/2023,"11,777.51","11,803.22","11,673.21","11,787.27"
02/16/2023,"11,896.31","12,040.34","11,853.36","11,855.83"
02/15/2023,"11,905.12","12,071.29","11,876.82","12,070.59"
02/14/2023,"11,808.20","11,999.85","11,760.57","11,960.15"
02/13/2023,"11,759.09","11,910.92","11,719.73","11,891.79"
02/10/2023,"11,714.60","11,775.80","11,630.54","11,718.12"
02/09/2023,"12,069.10","12,070.96","11,745.11","11,789.58"
02/08/2023,"12,069.12","12,096.39","11,890.09","11,910.52"
02/07/2023,"11,891.25","12,150.22","11,836.78","12,113.79"
02/06/2023,"11,904.41","11,973.41","11,843.49","11,887.45"
02/03/2023,"11,946.86","12,231.31","11,946.86","12,006.95"
02/02/2023,"12,065.15","12,269.56","12,024.14","12,200.82"
02/01/2023,"11,573.14","11,904.02","11,500.33","11,816.32"
01/31/2023,"11,398.58","11,586.01","11,398.37","11,584.55"
01/30/2023,"11,512.34","11,553.31","11,388.54","11,393.81"
01/27/2023,"11,470.47","11,691.89","11,470.27","11,621.71"
01/26/2023,"11,458.41","11,516.05","11,341.19","11,512.41"
01/25/2023,"11,146.53","11,334.22","11,069.18","11,313.36"
01/24/2023,"11,302.93","11,378.15","11,282.65","11,334.27"
01/23/2023,"11,171.94","11,405.50","11,144.03","11,364.41"
01/20/2023,"10,924.66","11,143.17","10,885.65","11,140.43"
01/19/2023,"10,890.40","10,932.52","10,804.57","10,852.27"
01/18/2023,"11,170.95","11,223.41","10,952.05","10,957.01"
01/17/2023,"11,070.00","11,145.44","11,024.72","11,095.11"
01/13/2023,"10,906.37","11,084.01","10,900.16","11,079.16"
01/12/2023,"10,969.26","11,027.75","10,797.12","11,001.10"
01/11/2023,"10,794.99","10,932.44","10,762.73","10,931.67"
01/10/2023,"10,607.72","10,743.67","10,589.60","10,742.63"
01/09/2023,"10,662.11","10,807.26","10,619.12","10,635.65"
01/06/2023,"10,363.96","10,604.14","10,265.04","10,569.29"
01/05/2023,"10,390.31","10,393.22","10,295.25","10,305.24"
01/04/2023,"10,467.82","10,515.22","10,337.64","10,458.76"
01/03/2023,"10,562.06","10,613.06","10,309.16","10,386.98"
12/30/2022,"10,368.37","10,468.31","10,324.70","10,466.48"
12/29/2022,"10,321.46","10,502.08","10,301.06","10,478.09"
12/28/2022,"10,339.20","10,414.82","10,207.47","10,213.29"
12/27/2022,"10,462.19","10,472.32","10,340.73","10,353.23"
12/23/2022,"10,437.75","10,514.76","10,361.82","10,497.86"
12/22/2022,"10,586.46","10,599.34","10,313.32","10,476.12"
12/21/2022,"10,592.00","10,753.57","10,569.20","10,709.37"
12/20/2022,"10,490.89","10,609.47","10,446.82","10,547.11"
12/19/2022,"10,707.44","10,713.97","10,497.55","10,546.03"
12/16/2022,"10,767.64","10,833.24","10,642.10","10,705.41"
12/15/2022,"11,012.62","11,029.57","10,775.61","10,810.53"
12/14/2022,"11,248.09","11,352.09","11,065.24","11,170.89"
12/13/2022,"11,542.84","11,571.64","11,160.54","11,256.81"
12/12/2022,"11,015.48","11,144.67","10,984.82","11,143.74"
12/09/2022,"11,038.17","11,138.70","10,999.26","11,004.62"
12/08/2022,"11,011.33","11,119.16","10,939.47","11,082.00"
12/07/2022,"10,963.95","11,039.81","10,910.62","10,958.55"
12/06/2022,"11,228.42","11,241.42","10,956.20","11,014.89"
12/05/2022,"11,380.99","11,425.51","11,193.03","11,239.94"
12/02/2022,"1,817.00","1,818.70","1,791.80","1,809.60"
12/01/2022,"1,783.10","1,818.40","1,782.90","1,815.20"
11/30/2022,"1,763.40","1,784.20","1,758.20","1,759.90"
11/29/2022,"1,748.40","1,758.20","1,748.40","1,748.40"
11/28/2022,"1,739.50","1,745.10","1,737.90","1,740.30"
11/25/2022,"1,754.00","1,754.00","1,745.90","1,754.00"
11/23/2022,"1,751.00","1,756.30","1,750.00","1,745.60"
11/22/2022,"1,740.80","1,743.60","1,739.40","1,739.90"
11/21/2022,"1,739.70","1,746.30","1,738.90","1,739.60"
11/18/2022,"1,754.40","1,769.90","1,749.20","1,754.40"
11/17/2022,"1,763.10","1,766.70","1,761.70","1,763.00"
11/16/2022,"1,777.00","1,777.60","1,771.90","1,775.80"
11/15/2022,"1,782.00","1,784.90","1,777.10","1,776.80"
11/14/2022,"1,774.00","1,775.40","1,770.20","1,776.90"
11/11/2022,"1,769.40","1,775.60","1,769.40","1,769.40"
11/10/2022,"1,758.30","1,758.40","1,750.30","1,753.70"
11/09/2022,"1,709.70","1,711.90","1,705.50","1,713.70"
11/08/2022,"1,715.20","1,716.40","1,709.60","1,716.00"
11/07/2022,"1,678.00","1,679.50","1,675.40","1,680.50"
11/04/2022,"1,676.60","1,686.40","1,676.60","1,676.60"
11/03/2022,"1,631.70","1,634.20","1,631.10","1,630.90"
11/02/2022,"1,639.10","1,640.40","1,634.10","1,650.00"
11/01/2022,"1,651.40","1,653.40","1,648.60","1,649.70"
10/31/2022,"1,636.10","1,637.10","1,633.60","1,640.70"
10/28/2022,"1,667.20","1,670.90","1,640.70","1,644.80"
10/27/2022,"1,668.80","1,674.80","1,658.50","1,665.60"
10/26/2022,"1,657.70","1,679.40","1,653.80","1,669.20"
10/25/2022,"1,654.50","1,666.80","1,641.20","1,658.00"
10/24/2022,"1,662.90","1,675.50","1,648.00","1,654.10"
10/21/2022,"1,632.40","1,663.10","1,621.10","1,656.30"
10/20/2022,"1,634.60","1,650.30","1,626.30","1,636.80"
10/19/2022,"1,657.20","1,659.80","1,632.20","1,634.20"
10/18/2022,"1,655.90","1,666.00","1,650.60","1,655.80"
10/17/2022,"1,649.90","1,674.30","1,649.10","1,664.00"
10/14/2022,"1,672.80","1,677.80","1,645.60","1,648.90"
10/13/2022,"1,680.20","1,688.90","1,648.30","1,677.00"
10/12/2022,"1,673.40","1,685.10","1,668.00","1,677.50"
10/11/2022,"1,675.60","1,691.30","1,667.50","1,686.00"
10/10/2022,"1,703.40","1,707.40","1,672.50","1,675.20"
10/07/2022,"1,721.00","1,722.80","1,698.40","1,709.30"
10/06/2022,"1,725.50","1,734.20","1,714.80","1,720.80"
10/05/2022,"1,734.40","1,736.60","1,708.80","1,720.80"
10/04/2022,"1,708.40","1,738.70","1,704.00","1,730.50"
10/03/2022,"1,670.50","1,710.40","1,666.50","1,702.00"
09/30/2022,"1,669.50","1,684.40","1,667.50","1,672.00"
09/29/2022,"1,669.00","1,673.10","1,649.30","1,668.60"
09/28/2022,"1,636.50","1,671.60","1,622.20","1,670.00"
09/27/2022,"1,629.20","1,650.10","1,628.70","1,636.20"
09/26/2022,"1,651.00","1,657.20","1,627.70","1,633.40"
09/23/2022,"1,680.10","1,685.00","1,646.60","1,655.60"
09/22/2022,"1,682.80","1,693.50","1,663.30","1,681.10"
09/21/2022,"1,673.20","1,696.90","1,661.30","1,675.70"
09/20/2022,"1,684.90","1,688.80","1,668.10","1,671.10"
09/19/2022,"1,685.40","1,688.80","1,667.60","1,678.20"
09/16/2022,"1,673.70","1,689.90","1,661.90","1,683.50"
09/15/2022,"1,707.20","1,707.80","1,668.90","1,677.30"
09/14/2022,"1,711.60","1,717.30","1,703.30","1,709.10"
09/13/2022,"1,736.00","1,742.90","1,706.70","1,717.40"
09/12/2022,"1,728.40","1,746.40","1,722.30","1,740.60"
09/09/2022,"1,719.60","1,740.50","1,719.40","1,728.60"
09/08/2022,"1,729.50","1,739.40","1,713.70","1,720.20"
09/07/2022,"1,712.90","1,731.20","1,701.70","1,727.80"
09/06/2022,"1,720.20","1,737.40","1,710.60","1,712.90"
09/02/2022,"1,707.80","1,729.50","1,705.90","1,722.60"
09/01/2022,"1,723.00","1,723.00","1,699.10","1,709.30"
08/31/2022,"1,735.50","1,738.00","1,720.60","1,726.20"
08/30/2022,"1,749.80","1,752.80","1,732.90","1,736.30"
08/29/2022,"1,748.40","1,757.90","1,731.40","1,749.70"
08/26/2022,"1,771.80","1,772.30","1,746.20","1,749.80"
08/25/2022,"1,764.40","1,778.80","1,763.00","1,771.40"
08/24/2022,"1,761.30","1,769.50","1,754.80","1,761.50"
08/23/2022,"1,750.00","1,767.50","1,743.10","1,761.20"
08/22/2022,"1,760.60","1,762.10","1,740.20","1,748.40"
08/19/2022,"1,773.10","1,773.30","1,759.10","1,762.90"
08/18/2022,"1,777.10","1,786.30","1,768.80","1,771.20"
08/17/2022,"1,790.80","1,796.60","1,773.90","1,776.70"
08/16/2022,"1,795.50","1,798.00","1,785.40","1,789.70"
08/15/2022,"1,818.90","1,818.90","1,787.60","1,798.10"
08/12/2022,"1,805.20","1,819.10","1,799.60","1,815.50"
08/11/2022,"1,807.90","1,814.90","1,798.60","1,807.20"
08/10/2022,"1,811.50","1,824.60","1,803.30","1,813.70"
08/09/2022,"1,805.50","1,817.00","1,799.40","1,812.30"
08/08/2022,"1,790.30","1,806.40","1,786.90","1,805.20"
08/05/2022,"1,807.70","1,811.60","1,780.20","1,791.20"
08/04/2022,"1,782.10","1,812.00","1,779.40","1,806.90"
08/03/2022,"1,777.30","1,789.40","1,770.00","1,776.40"
08/02/2022,"1,789.20","1,805.00","1,776.00","1,789.70"
08/01/2022,"1,782.50","1,792.50","1,774.30","1,787.70"
07/29/2022,"1,773.10","1,784.60","1,768.40","1,781.80"
07/28/2022,"1,732.30","1,755.00","1,732.00","1,750.30"
07/27/2022,"1,715.20","1,739.60","1,709.10","1,719.10"
07/26/2022,"1,717.90","1,726.40","1,711.50","1,717.70"
07/25/2022,"1,726.30","1,734.60","1,712.90","1,719.10"
07/22/2022,"1,717.20","1,738.30","1,711.70","1,727.40"
07/21/2022,"1,693.70","1,719.50","1,678.40","1,713.40"
07/20/2022,"1,709.50","1,712.70","1,690.10","1,700.20"
07/19/2022,"1,707.20","1,716.50","1,702.60","1,710.70"
07/18/2022,"1,706.40","1,722.00","1,704.40","1,710.20"
07/15/2022,"1,708.20","1,714.20","1,696.60","1,703.60"
07/14/2022,"1,733.60","1,734.80","1,695.00","1,705.80"
07/13/2022,"1,723.60","1,744.30","1,704.50","1,735.50"
07/12/2022,"1,731.30","1,742.20","1,721.60","1,724.80"
07/11/2022,"1,741.50","1,743.00","1,729.00","1,731.70"
07/08/2022,"1,738.70","1,751.70","1,725.00","1,742.30"
07/07/2022,"1,737.20","1,748.20","1,734.70","1,739.70"
07/06/2022,"1,764.20","1,771.50","1,730.70","1,736.50"
07/05/2022,"1,808.30","1,813.10","1,763.00","1,763.90"
07/01/2022,"1,808.10","1,813.60","1,783.40","1,801.50"
06/30/2022,"1,819.20","1,826.80","1,802.50","1,807.30"
06/29/2022,"1,821.40","1,834.90","1,810.70","1,817.50"
06/28/2022,"1,823.60","1,830.90","1,819.10","1,821.20"
06/27/2022,"1,839.60","1,842.80","1,821.80","1,824.80"
06/24/2022,"1,824.20","1,833.70","1,817.70","1,830.30"
06/23/2022,"1,839.70","1,848.90","1,823.50","1,829.80"
06/22/2022,"1,834.90","1,850.30","1,824.50","1,838.40"
06/21/2022,"1,839.70","1,846.20","1,830.70","1,838.80"
06/17/2022,"1,859.30","1,861.50","1,836.10","1,840.60"
06/16/2022,"1,835.80","1,860.20","1,816.30","1,849.90"
06/15/2022,"1,809.70","1,845.40","1,808.40","1,819.60"
06/14/2022,"1,820.90","1,833.30","1,806.10","1,813.50"
06/13/2022,"1,879.00","1,882.50","1,819.00","1,831.80"
06/10/2022,"1,850.40","1,879.60","1,826.50","1,875.50"
06/09/2022,"1,855.10","1,857.80","1,841.90","1,852.80"
06/08/2022,"1,855.00","1,862.40","1,846.60","1,856.50"
06/07/2022,"1,843.50","1,858.20","1,838.50","1,852.10"
06/06/2022,"1,853.70","1,861.20","1,843.00","1,843.70"
06/03/2022,"1,872.60","1,878.60","1,849.70","1,850.20"
06/02/2022,"1,849.90","1,874.40","1,846.50","1,871.40"
06/01/2022,"1,840.00","1,853.00","1,830.20","1,848.70"
05/31/2022,"1,859.50","1,860.20","1,837.60","1,848.40"
05/27/2022,"1,848.30","1,860.70","1,845.90","1,851.30"
05/26/2022,"1,851.80","1,852.80","1,836.30","1,847.60"
05/25/2022,"1,865.40","1,866.70","1,838.70","1,846.30"
05/24/2022,"1,852.30","1,869.10","1,847.60","1,865.40"
05/23/2022,"1,844.40","1,864.30","1,843.30","1,847.80"
05/20/2022,"1,839.60","1,847.80","1,830.60","1,842.10"
05/19/2022,"1,815.10","1,848.20","1,808.40","1,841.20"
05/18/2022,"1,813.20","1,822.90","1,805.00","1,815.90"
05/17/2022,"1,823.90","1,834.80","1,811.00","1,818.90"
05/16/2022,"1,809.40","1,826.00","1,785.00","1,814.00"
05/13/2022,"1,821.40","1,827.60","1,797.20","1,808.20"
05/12/2022,"1,852.30","1,858.80","1,820.10","1,824.60"
05/11/2022,"1,836.60","1,857.80","1,830.60","1,853.70"
05/10/2022,"1,853.90","1,864.70","1,834.50","1,841.00"
05/09/2022,"1,883.70","1,885.60","1,851.00","1,858.60"
05/06/2022,"1,877.50","1,894.00","1,865.00","1,882.80"
05/05/2022,"1,884.10","1,910.70","1,872.30","1,875.70"
05/04/2022,"1,868.30","1,892.00","1,861.10","1,868.80"
05/03/2022,"1,863.60","1,878.40","1,849.70","1,870.60"
05/02/2022,"1,896.20","1,900.40","1,853.40","1,863.60"
04/29/2022,"1,895.80","1,921.30","1,893.50","1,911.70"
04/28/2022,"1,886.80","1,897.80","1,870.90","1,891.30"
04/27/2022,"1,907.40","1,908.10","1,881.60","1,888.70"
04/26/2022,"1,899.80","1,912.20","1,896.30","1,904.10"
04/25/2022,"1,931.90","1,935.50","1,891.80","1,896.00"
04/22/2022,"1,953.10","1,957.80","1,928.00","1,934.30"
04/21/2022,"1,960.00","1,960.10","1,938.00","1,948.20"
04/20/2022,"1,952.70","1,960.90","1,941.00","1,955.60"
04/19/2022,"1,981.20","1,985.10","1,945.50","1,959.00"
04/18/2022,"1,978.50","2,003.00","1,974.40","1,986.40"
04/14/2022,"1,981.60","1,984.00","1,962.70","1,974.90"
04/13/2022,"1,970.50","1,985.80","1,966.30","1,984.70"
04/12/2022,"1,957.40","1,982.70","1,953.00","1,976.10"
04/11/2022,"1,949.60","1,974.60","1,942.90","1,948.20"
04/08/2022,"1,934.30","1,952.20","1,930.40","1,945.60"
04/07/2022,"1,928.10","1,941.70","1,923.30","1,937.80"
04/06/2022,"1,927.60","1,937.60","1,916.20","1,923.10"
04/05/2022,"1,937.30","1,948.90","1,920.90","1,927.50"
04/04/2022,"1,927.10","1,941.60","1,918.20","1,934.00"
04/01/2022,"1,942.40","1,944.50","1,921.40","1,923.70"
03/31/2022,"1,937.30","1,955.00","1,923.00","1,954.00"
03/30/2022,"1,924.00","1,943.40","1,920.10","1,939.00"
03/29/2022,"1,922.40","1,929.40","1,888.30","1,912.20"
03/28/2022,"1,958.70","1,959.80","1,915.70","1,939.80"
03/25/2022,"1,957.80","1,965.10","1,942.60","1,954.20"
03/24/2022,"1,944.10","1,967.20","1,937.40","1,962.20"
03/23/2022,"1,920.90","1,948.80","1,915.60","1,937.30"
03/22/2022,"1,936.10","1,939.50","1,909.80","1,921.50"
03/21/2022,"1,922.40","1,941.80","1,917.20","1,929.50"
03/18/2022,"1,943.90","1,946.20","1,918.00","1,929.30"
03/17/2022,"1,928.40","1,951.00","1,924.00","1,943.20"
03/16/2022,"1,920.10","1,930.10","1,895.20","1,909.20"
03/15/2022,"1,953.70","1,956.90","1,908.10","1,929.70"
03/14/2022,"1,988.70","1,994.80","1,952.00","1,960.80"
03/11/2022,"2,000.30","2,004.00","1,960.60","1,985.00"
03/10/2022,"1,992.80","2,015.10","1,975.00","2,000.40"
03/09/2022,"2,060.20","2,068.50","1,981.00","1,988.20"
03/08/2022,"2,001.00","2,078.80","1,985.80","2,043.30"
03/07/2022,"1,978.50","2,007.50","1,964.20","1,995.90"
03/04/2022,"1,938.50","1,974.90","1,931.50","1,966.60"
03/03/2022,"1,931.70","1,944.60","1,923.10","1,935.90"
03/02/2022,"1,945.30","1,951.40","1,916.00","1,922.30"
03/01/2022,"1,908.40","1,952.60","1,903.00","1,943.80"
02/28/2022,"1,921.00","1,935.20","1,892.20","1,900.70"
02/25/2022,"1,906.50","1,925.00","1,884.40","1,887.60"
02/24/2022,"1,911.90","1,976.50","1,878.60","1,926.30"
02/23/2022,"1,901.20","1,912.90","1,891.10","1,910.40"
02/22/2022,"1,912.00","1,918.30","1,892.80","1,907.40"
02/18/2022,"1,901.40","1,905.00","1,888.00","1,899.80"
02/17/2022,"1,872.00","1,904.00","1,869.70","1,902.00"
02/16/2022,"1,855.50","1,874.60","1,851.80","1,871.50"
02/15/2022,"1,873.80","1,881.60","1,845.40","1,856.20"
02/14/2022,"1,862.20","1,876.50","1,851.90","1,869.40"
02/11/2022,"1,827.00","1,867.40","1,821.10","1,842.10"
02/10/2022,"1,834.00","1,843.30","1,821.80","1,837.40"
02/09/2022,"1,827.00","1,837.10","1,825.50","1,836.60"
02/08/2022,"1,821.50","1,829.90","1,816.00","1,827.90"
02/07/2022,"1,808.00","1,824.60","1,807.50","1,821.80"
02/04/2022,"1,805.40","1,815.80","1,792.10","1,807.80"
02/03/2022,"1,807.40","1,809.50","1,788.50","1,804.10"
02/02/2022,"1,800.80","1,812.00","1,794.60","1,810.30"
02/01/2022,"1,798.90","1,809.70","1,796.20","1,801.50"
01/31/2022,"1,792.80","1,800.90","1,785.80","1,796.40"
01/28/2022,"1,799.60","1,800.30","1,780.60","1,786.60"
01/27/2022,"1,819.00","1,821.40","1,790.60","1,793.10"
01/26/2022,"1,848.00","1,850.20","1,814.10","1,829.70"
01/25/2022,"1,843.60","1,854.20","1,834.40","1,852.50"
01/24/2022,"1,835.20","1,844.90","1,829.30","1,841.70"
01/21/2022,"1,840.60","1,843.70","1,828.40","1,831.80"
01/20/2022,"1,840.10","1,848.50","1,836.20","1,842.60"
01/19/2022,"1,812.90","1,843.90","1,809.00","1,843.20"
01/18/2022,"1,818.90","1,822.40","1,804.70","1,812.40"
01/14/2022,"1,822.10","1,829.30","1,814.20","1,816.50"
01/13/2022,"1,825.70","1,828.30","1,811.80","1,821.40"
01/12/2022,"1,821.30","1,828.20","1,814.40","1,827.30"
01/11/2022,"1,801.30","1,823.10","1,799.70","1,818.50"
01/10/2022,"1,796.40","1,802.00","1,789.30","1,798.80"
01/07/2022,"1,791.00","1,798.40","1,781.30","1,797.40"
01/06/2022,"1,810.60","1,811.60","1,785.40","1,789.20"
01/05/2022,"1,815.20","1,830.70","1,808.20","1,825.10"
01/04/2022,"1,801.10","1,817.20","1,798.10","1,814.60"
01/03/2022,"1,830.10","1,833.00","1,798.20","1,800.10"
12/31/2021,"1,817.00","1,831.40","1,815.40","1,828.60"
12/30/2021,"1,805.60","1,818.10","1,796.20","1,814.10"
12/29/2021,"1,806.60","1,808.00","1,789.10","1,805.80"
12/28/2021,"1,812.10","1,821.60","1,805.50","1,810.90"
12/27/2021,"1,810.20","1,814.60","1,803.60","1,808.80"
12/23/2021,"1,805.60","1,812.00","1,799.00","1,811.70"
12/22/2021,"1,789.40","1,806.30","1,785.80","1,802.20"
12/21/2021,"1,791.40","1,801.70","1,785.00","1,788.70"
12/20/2021,"1,800.20","1,804.60","1,789.00","1,794.60"
12/17/2021,"1,801.50","1,815.70","1,796.50","1,804.90"
12/16/2021,"1,777.90","1,800.70","1,775.70","1,798.20"
12/15/2021,"1,771.90","1,781.30","1,753.00","1,764.50"
12/14/2021,"1,787.60","1,789.80","1,766.10","1,772.30"
12/13/2021,"1,784.20","1,792.80","1,782.20","1,788.30"
12/10/2021,"1,776.30","1,791.00","1,770.40","1,784.80"
12/09/2021,"1,784.30","1,788.40","1,773.30","1,776.70"
12/08/2021,"1,785.10","1,794.30","1,780.10","1,785.50"
12/07/2021,"1,779.50","1,789.30","1,772.40","1,784.70"
12/06/2021,"1,787.70","1,789.00","1,776.40","1,779.50"
12/03/2021,"1,769.40","1,788.00","1,766.00","1,783.90"